Company Name,Website,Email,Additional Emails,Phone,Tags
www.desmoinesregister.com,https://www.desmoinesregister.com/,hls@0.8.9.js,site-nav-logo@2x.png,+18526682600,restaurants in long beach california
twitter.com,https://twitter.com/infatuation,,,+16618194563,restaurants in long beach california
www.theinfatuation.com,https://www.theinfatuation.com/los-angeles/reviews/enriques,support@theinfatuation.com,,+17023133300,restaurants in long beach california
www.opentable.com,http://www.opentable.com/r/sushi-nikkei-bixby-knolls-long-beach?ref=16825,,,+12387619431,restaurants in long beach california
www.pinterest.com,https://www.pinterest.com/eeeeeats/,,,+19261179067,restaurants in long beach california
www.ajiperuviancuisine.com,https://www.ajiperuviancuisine.com,605a7baede844d278b89dc95ae0a9123@sentry-next.wixpress.com,,+17522791655,restaurants in long beach california
nomsmagazine.com,https://nomsmagazine.com/eat/ultimate-vancouver-food-bucket-list/,?body=https%3a%2f%2fnomsmagazine.com%2fultimate-vancouver-food-bucket-list%2f,jason@nomsmagazine.com; ipl-l@2x.png; ipl-d@2x.png,+12994404370,restaurants in long beach california
livson2nd.com,https://livson2nd.com,contact@livson2nd.com?subject=website%20inquiry%20,contact@livson2nd.com,+15623432285,restaurants in long beach california
www.surakbbq.com,https://www.surakbbq.com,,,+15624957872,restaurants in long beach california
kinlongbeachkitchen.com,https://kinlongbeachkitchen.com,kinlongbeachkitchen@gmail.com,,+15623175142,restaurants in long beach california
www.saintandsecond.com,http://www.saintandsecond.com/,,,+19234100910,restaurants in long beach california
www.theordinarie.com,https://www.theordinarie.com,605a7baede844d278b89dc95ae0a9123@sentry-next.wixpress.com,8eb368c655b84e029ed79ad7a5c1718e@sentry.wixpress.com; 2062d0a4929b45348643784b5cb39c36@sentry.wixpress.com; info@theordinarie.com,+12761239296,restaurants in long beach california
www.the-breakfast-bar.com,http://www.the-breakfast-bar.com,info@the-breakfast-bar.com,,+10005009570,restaurants in long beach california
ellieslbc.com,https://ellieslbc.com,hello@ellieslbc.com,user@domain.com,+10000052772,restaurants in long beach california
gustobread.com,https://gustobread.com,,,+15972513695,restaurants in long beach california
localemagazine.com,https://localemagazine.com/what-to-do-in-southern-california/what-to-do-in-las-vegas/,,,+18084310012,restaurants in long beach california
www.selvalbc.com,https://www.selvalbc.com/,,,+15579322638,restaurants in long beach california
www.charmsiamrestaurant.com,https://www.charmsiamrestaurant.com/,e081c35a018348d18e09ed427bf39b65@o462166.ingest.sentry.io,,+19750090695,restaurants in long beach california
www.cafesevilla.com,https://www.cafesevilla.com/,,,+15624951111,restaurants in long beach california
www.the908restaurant.com,https://www.the908restaurant.com/,,,+15624205331,restaurants in long beach california
heritagerestaurant.fullbellyfoodgroup.com,https://heritagerestaurant.fullbellyfoodgroup.com/,info@heritagerestaurantlb.com,reservations@heritagerestaurantlb.com,+15623431068,restaurants in long beach california
www.gauchobeach.com,https://www.gauchobeach.com/,,,+17465733007,restaurants in long beach california
www.ammatoli.com,https://www.ammatoli.com/,info@ammatoli.com,,+13141925352,restaurants in long beach california
www.marlena-longbeach.com,https://www.marlena-longbeach.com/,info@marlena-longbeach.com,,+13141925352,restaurants in long beach california
altarsocietybrewco.com,https://altarsocietybrewco.com/,wonderful@laurenikedayoga.two,,+18004378076,restaurants in long beach california
www.localemagazine.com,http://www.localemagazine.com,,,+18084310012,restaurants in long beach california
www.chiangrailb.com,https://www.chiangrailb.com/,605a7baede844d278b89dc95ae0a9123@sentry-next.wixpress.com,8eb368c655b84e029ed79ad7a5c1718e@sentry.wixpress.com,+15624943003,restaurants in long beach california
mangettelb.com,https://mangettelb.com/,,,+11752600254,restaurants in long beach california
www.riverjettyrg.com,https://www.riverjettyrg.com/a-pch/,apch@riverjettyrg.com,,+11752820342,restaurants in long beach california
www.restaurantji.com,https://www.restaurantji.com/ca/long-beach/,input@keyup.enter.stop,,+11182184196,restaurants in long beach california
dallas.culturemap.com,https://dallas.culturemap.com/series/anteks-curated/,6b64f5cc8af542cbb920e0238864390a@sentry.io,,+10238864390,restaurants in long beach california
thepoboyshop.com,https://thepoboyshop.com/,info@thepoboyshop.com,,+11751111546,restaurants in long beach california
www.boxedandbrewed.com,https://www.boxedandbrewed.com/,,,+17501826158,restaurants in long beach california
www.silkroadtx.com,https://www.silkroadtx.com/studio,,,+11978854166,restaurants in long beach california
www.elladtx.com,https://www.elladtx.com/,,,+16591106042,restaurants in long beach california
ruthiesforgood.com,https://ruthiesforgood.com/our-restaurant/,info@ruthiesforgood.com,,+11752782671,restaurants in long beach california
www.flamant.bar,https://www.flamant.bar/,,,+13141925352,restaurants in long beach california
centrotx.com,https://centrotx.com/,,,+11670166692,restaurants in long beach california
